"","vars","n","mean","sd","median","trimmed","mad","min","max","range","skew","kurtosis","se"
"iBIPOC_pr",1,36,0.4375,0.39660013447636,0.333333333333333,0.425,0.494199999999999,0,1,1,0.36691634153637,-1.41604829304108,0.0661000224127266
"cmBlack",2,38,7,8.12071092614101,5,5.84375,7.413,0,29,29,1.24776028800031,0.46451940621508,1.31735326703071
"Belonging",3,37,4.19837837837838,1.48722619051096,4,4.22612903225806,1.4826,1,7,6,-0.151277343931922,-0.914921372927497,0.244498479614006
"ClimateBL",4,35,2.28571428571429,0.986772176204362,2.33,2.22965517241379,0.993342,1,4.17,3.17,0.324750663962214,-1.06641413677071,0.166794940633367
