"","vars","n","mean","sd","median","trimmed","mad","min","max","range","skew","kurtosis","se"
"iBIPOC_pr",1,48,0.328125,0.392153481224991,0.25,0.29375,0.37065,0,1,1,0.778504352495514,-0.964490030669389,0.0566024794872244
"cmBlack",2,50,6.56,7.48375110571195,5,5.2,7.413,0,29,29,1.31320472883137,1.02182252477356,1.05836223111225
"Belonging",3,48,4.18083333333333,1.47293574751652,4,4.18375,1.4826,1,7,6,-0.0245470181594268,-0.84295620038858,0.212599962581922
"ClimateBL",4,46,2.46021739130435,1.09293791453319,2.33,2.41684210526316,1.4826,1,4.5,3.5,0.286751602245886,-1.1506227929169,0.161144904074627
