"","vars","n","mean","sd","median","trimmed","mad","min","max","range","skew","kurtosis","se"
"iBIPOC_pr",1,60,0.351388888888889,0.390292898689056,0.25,0.314236111111111,0.37065,0,1,1,0.62964504656501,-1.14763985320297,0.0503865965588578
"cmBlack",2,62,7.66129032258065,7.61134517394619,5,6.7,7.413,0,29,29,0.923833465619037,-0.0581893575177483,0.966641803733453
"Belonging",3,60,4.01133333333333,1.49668386737816,4,4.00020833333333,1.4826,1,7,6,0.0533868694058752,-0.930845853178802,0.193221056429765
"ClimateBL",4,57,2.50017543859649,1.12018252853859,2.33,2.4363829787234,1.230558,1,5.67,4.67,0.494346953009622,-0.450023554475239,0.14837180048683
