"","vars","n","mean","sd","median","trimmed","mad","min","max","range","skew","kurtosis","se"
"iBIPOC_pr",1,64,0.352864583333333,0.391921899135588,0.25,0.318910256410256,0.37065,0,1,1,0.63583944619244,-1.04584585744243,0.0489902373919485
"cmBlack",2,66,8.1969696969697,8.0234650043476,5.5,7.24074074074074,8.1543,0,30,30,0.947401004253934,0.0519378071665644,0.987620270205645
"Belonging",3,64,4.0315625,1.47112657268406,4,4.02596153846154,1.4826,1,7,6,0.031551246083152,-0.760033807178105,0.183890821585507
"ClimateBL",4,61,2.48098360655738,1.08784144818693,2.33,2.41163265306122,0.993342,1,5.67,4.67,0.564836472972293,0.0409360271360377,0.139283824887538
