"","Name","Parameters","fmin","chisq","df","pvalue","baseline.chisq","baseline.df","baseline.pvalue","cfi","tli","nnfi","rfi","nfi","pnfi","ifi","rni","LL","unrestricted.logl","aic","bic","n","bic2","rmsea","rmsea.ci.lower","rmsea.ci.upper","rmsea.ci.level","rmsea.pvalue","rmsea.close.h0","rmsea.notclose.pvalue","rmsea.notclose.h0","rmr","rmr_nomean","srmr","srmr_bentler","srmr_bentler_nomean","crmr","crmr_nomean","srmr_mplus","srmr_mplus_nomean","cn_05","cn_01","gfi","agfi","pgfi","mfi","ecvi"
"1","init_msmt_fit",208,23.3211376795634,7276.19495602379,5148,0,13555.9671858601,5253,0,0.743682600643286,0.738454681658737,0.738454681658737,0.452300076120922,0.463247818745576,0.453988153607886,0.746883532133327,0.743682600643286,-15297.3595806894,-11659.2621026775,31010.7191613788,31645.0892108867,156,30986.703731536,0.0514782928866627,0.0487248479646618,0.0541841447051493,0.9,0.186410122145872,0.05,0.000000000000000000000000000000000000000000000000000000000000000000000000000000030380774054774,0.08,0.0444616079145975,0.0444616079145975,0.0614015087299163,0.0614015087299163,0.0614015087299163,0.061447828181835,0.061447828181835,0.0608990089919995,0.0608990089919995,114.974526817083,116.49586177113,0.598832399537965,0.582623607600105,0.575576772371442,0.00109047959994469,49.3089420257935
