"","Name","Parameters","fmin","chisq","df","pvalue","baseline.chisq","baseline.df","baseline.pvalue","cfi","tli","nnfi","rfi","nfi","pnfi","ifi","rni","LL","unrestricted.logl","aic","bic","n","bic2","rmsea","rmsea.ci.lower","rmsea.ci.upper","rmsea.ci.level","rmsea.pvalue","rmsea.close.h0","rmsea.notclose.pvalue","rmsea.notclose.h0","rmr","rmr_nomean","srmr","srmr_bentler","srmr_bentler_nomean","crmr","crmr_nomean","srmr_mplus","srmr_mplus_nomean","cn_05","cn_01","gfi","agfi","pgfi","mfi","ecvi"
"1","init_msmt_fit",209,23.3057388250643,7271.39051342006,5147,0,13555.9671858601,5253,0,0.744140803418097,0.738871505800517,0.738871505800517,0.452555378979363,0.463602234077057,0.454247229924731,0.747366059771016,0.744140803418097,-15294.9573593875,-11659.2621026775,31007.914718775,31645.3346242902,156,30983.783830135,0.0514372561146076,0.0486822634817285,0.0541444865393945,0.9,0.19315545617253,0.05,0.0000000000000000000000000000000000000000000000000000000000000000000000000000000200232267357469,0.08,0.0429290674188094,0.0429290674188094,0.0606142238614118,0.0606142238614118,0.0606142238614118,0.0612055959894434,0.0612055959894434,0.0606142237060267,0.0606142237060267,115.028031715883,116.550227775032,0.598817978229563,0.582527509500202,0.575451107906565,0.00110385801028673,49.2909648296158
