"","Name","Parameters","fmin","chisq","df","pvalue","baseline.chisq","baseline.df","baseline.pvalue","cfi","tli","cfi.robust","tli.robust","nnfi","rfi","nfi","pnfi","ifi","rni","nnfi.robust","rni.robust","LL","unrestricted.logl","aic","bic","n","bic2","rmsea","rmsea.ci.lower","rmsea.ci.upper","rmsea.ci.level","rmsea.pvalue","rmsea.close.h0","rmsea.notclose.pvalue","rmsea.notclose.h0","rmsea.robust","rmsea.ci.lower.robust","rmsea.ci.upper.robust","rmsea.pvalue.robust","rmsea.notclose.pvalue.robust","rmr","rmr_nomean","srmr","srmr_bentler","srmr_bentler_nomean","crmr","crmr_nomean","srmr_mplus","srmr_mplus_nomean","cn_05","cn_01","gfi","agfi","pgfi","mfi","ecvi"
"1","Kim_swap_fit",30,0.0511694523390798,15.9648691297929,24,0.889339873002998,1366.80414011946,36,0,1,1.00905670184061,1,1.00905670184061,1.00905670184061,0.982479345070907,0.988319563380604,0.658879708920403,1.00598384427791,1.00603780122707,1.00905670184061,1.00603780122707,-368.148681182891,-360.166246617994,796.297362365781,887.793042583267,156,792.833598446152,0,0,0.03080417607609,0.9,0.987716226935039,0.05,0.000238747116803484,0.08,0,0,0.0308041760760894,0.987716226935039,0.000238747116803532,0.00479012814447391,0.00524732247613702,0.0169117738602681,0.0169117738602681,0.0185259200613896,0.0185259181787656,0.0207126061966588,0.0169117721419553,0.0185259181788191,356.827811684394,420.975377638804,0.999341749601775,0.998518936603993,0.4441518887119,1.02608811444262,0.486954289293544
