"","Name","Parameters","fmin","chisq","df","pvalue","baseline.chisq","baseline.df","baseline.pvalue","cfi","tli","cfi.robust","tli.robust","nnfi","rfi","nfi","pnfi","ifi","rni","nnfi.robust","rni.robust","LL","unrestricted.logl","aic","bic","n","bic2","rmsea","rmsea.ci.lower","rmsea.ci.upper","rmsea.ci.level","rmsea.pvalue","rmsea.close.h0","rmsea.notclose.pvalue","rmsea.notclose.h0","rmsea.robust","rmsea.ci.lower.robust","rmsea.ci.upper.robust","rmsea.pvalue.robust","rmsea.notclose.pvalue.robust","rmr","rmr_nomean","srmr","srmr_bentler","srmr_bentler_nomean","crmr","crmr_nomean","srmr_mplus","srmr_mplus_nomean","cn_05","cn_01","gfi","agfi","pgfi","mfi","ecvi"
"1","Kim_2CorrDVs_fit",30,0.0511694523391917,15.9648691298278,24,0.889339873001746,1366.80414011946,36,0,1,1.00905670184057,1,1.00905670184057,1.00905670184057,0.982479345070868,0.988319563380579,0.658879708920386,1.00598384427788,1.00603780122705,1.00905670184057,1.00603780122705,-368.148681182908,-360.166246617994,796.297362365816,887.793042583302,156,792.833598446187,0,0,0.0308041760763368,0.9,0.987716226934844,0.05,0.00023874711680864,0.08,0,0,0.0308041760763497,0.987716226934833,0.000238747116808973,0.00479013197440328,0.00524732667142619,0.0169117664937753,0.0169117664937753,0.018525911991641,0.0185259139466834,0.0207126014648681,0.0169117682784844,0.0185259139465579,356.827811683616,420.975377637886,0.999341749712102,0.99851893685223,0.444151888760934,1.02608811444251,0.486954289293768
