"","Name","Parameters","fmin","chisq","df","pvalue","baseline.chisq","baseline.df","baseline.pvalue","cfi","tli","cfi.robust","tli.robust","nnfi","rfi","nfi","pnfi","ifi","rni","nnfi.robust","rni.robust","LL","unrestricted.logl","aic","bic","n","bic2","rmsea","rmsea.ci.lower","rmsea.ci.upper","rmsea.ci.level","rmsea.pvalue","rmsea.close.h0","rmsea.notclose.pvalue","rmsea.notclose.h0","rmsea.robust","rmsea.ci.lower.robust","rmsea.ci.upper.robust","rmsea.pvalue.robust","rmsea.notclose.pvalue.robust","rmr","rmr_nomean","srmr","srmr_bentler","srmr_bentler_nomean","crmr","crmr_nomean","srmr_mplus","srmr_mplus_nomean","cn_05","cn_01","gfi","agfi","pgfi","mfi","ecvi"
"1","Kim_2dvs_fit",29,0.0878147218161622,27.3981932066426,25,0.336289976506253,1366.80414011946,36,0,0.99819793677045,0.997405028949447,0.99819793677045,0.997405028949447,0.997405028949447,0.971134563424634,0.979954557933774,0.680523998565121,0.998212709936616,0.99819793677045,0.997405028949447,0.99819793677045,-373.865343221316,-360.166246617994,805.730686442631,894.176510652868,156,802.382381320323,0.0247976074458116,0,0.0704739736571066,0.9,0.773292729885767,0.05,0.017846834389436,0.08,0.0247976074458123,0,0.0704739736571084,0.773292729885752,0.0178468343894404,0.0269457844382114,0.0295176279329383,0.0589076646642785,0.0589076646642785,0.0645301134931119,0.0645301298617545,0.0721468784838427,0.0589076796072624,0.0645301298617988,215.385944376771,253.315921406604,0.998547691237832,0.996863013073718,0.462290597795293,0.992342949036844,0.547424315427196
