"","term","estimate","std.error","statistic","p.value"
"1","(Intercept)",6.13768243780034,0.766567814666546,8.00670510862788,0.0000000000000608764877162013
"2","GRMS",-1.24834543494963,0.290394306955446,-4.29879444964862,0.0000254970006170099
"3","Centrality",-0.350744340319557,0.198877127923808,-1.76362331848402,0.0791406739699387
"4","GRMS:Centrality",0.156551689866533,0.0734440617668556,2.13157723171001,0.034116320662395
