"","Name","Parameters","fmin","chisq","df","pvalue","baseline.chisq","baseline.df","baseline.pvalue","cfi","tli","cfi.robust","tli.robust","nnfi","rfi","nfi","pnfi","ifi","rni","nnfi.robust","rni.robust","LL","unrestricted.logl","aic","bic","n","bic2","rmsea","rmsea.ci.lower","rmsea.ci.upper","rmsea.ci.level","rmsea.pvalue","rmsea.close.h0","rmsea.notclose.pvalue","rmsea.notclose.h0","rmsea.robust","rmsea.ci.lower.robust","rmsea.ci.upper.robust","rmsea.pvalue.robust","rmsea.notclose.pvalue.robust","rmr","rmr_nomean","srmr","srmr_bentler","srmr_bentler_nomean","crmr","crmr_nomean","srmr_mplus","srmr_mplus_nomean","cn_05","cn_01","gfi","agfi","pgfi","mfi","ecvi"
"1","msmt_fit",68,0.203728210329999,94.1224331724597,102,0.69826250653036,2104.15708492275,136,0,1,1.00533667892527,1,1.00533667892527,1.00533667892527,0.94035779055541,0.955268342916558,0.716451257187418,1.00393453984548,1.00400250919395,1.00533667892527,1.00400250919395,-3376.74709883323,-3329.685882247,6889.49419766645,7123.57860198194,231,6908.05715204526,0,0,0.0277383594281395,0.9,0.999887269553814,0.05,0.000000000000333543638974962,0.08,0,0,0.0277383594281401,0.999887269553814,0.000000000000333543638975151,0.0209114508704786,0.0220426046428686,0.0344697272547884,0.0344697272547884,0.0363342828162846,0.0325563612411957,0.0345312357061941,0.0362010033169138,0.0337648535998253,311.644627924796,340.016552803174,0.997231177682758,0.995385296137931,0.598338706609655,1.01719720868842,0.996201009404587
