"","Name","Parameters","fmin","chisq","df","pvalue","baseline.chisq","baseline.df","baseline.pvalue","cfi","tli","cfi.robust","tli.robust","nnfi","rfi","nfi","pnfi","ifi","rni","nnfi.robust","rni.robust","LL","unrestricted.logl","aic","bic","n","bic2","rmsea","rmsea.ci.lower","rmsea.ci.upper","rmsea.ci.level","rmsea.pvalue","rmsea.close.h0","rmsea.notclose.pvalue","rmsea.notclose.h0","rmsea.robust","rmsea.ci.lower.robust","rmsea.ci.upper.robust","rmsea.pvalue.robust","rmsea.notclose.pvalue.robust","rmr","rmr_nomean","srmr","srmr_bentler","srmr_bentler_nomean","crmr","crmr_nomean","srmr_mplus","srmr_mplus_nomean","cn_05","cn_01","gfi","agfi","pgfi","mfi","ecvi"
"1","rp3_msmt_fit",30,0.0511694523394164,15.9648691298979,24,0.889339872999232,1366.80414011946,36,0,1,1.00905670184049,1,1.00905670184049,1.00905670184049,0.982479345070791,0.988319563380528,0.658879708920352,1.00598384427783,1.00603780122699,1.00905670184049,1.00603780122699,-368.148681182943,-360.166246617994,796.297362365886,887.793042583372,156,792.833598446257,0,0,0.0308041760768323,0.9,0.987716226934453,0.05,0.000238747116818992,0.08,0,0,0.0308041760768356,0.987716226934449,0.000238747116819122,0.00479013064585718,0.0052473252160695,0.0169117647066487,0.0169117647066487,0.0185259100338914,0.0185259107066089,0.0207125978422984,0.0169117653209444,0.0185259107065593,356.827811682053,420.975377636041,0.999341749576584,0.998518936547315,0.444151888700704,1.02608811444228,0.486954289294217
