"","Name","Parameters","fmin","chisq","df","pvalue","baseline.chisq","baseline.df","baseline.pvalue","cfi","tli","cfi.robust","tli.robust","nnfi","rfi","nfi","pnfi","ifi","rni","nnfi.robust","rni.robust","LL","unrestricted.logl","aic","bic","n","bic2","rmsea","rmsea.ci.lower","rmsea.ci.upper","rmsea.ci.level","rmsea.pvalue","rmsea.close.h0","rmsea.notclose.pvalue","rmsea.notclose.h0","rmsea.robust","rmsea.ci.lower.robust","rmsea.ci.upper.robust","rmsea.pvalue.robust","rmsea.notclose.pvalue.robust","rmr","rmr_nomean","srmr","srmr_bentler","srmr_bentler_nomean","crmr","crmr_nomean","srmr_mplus","srmr_mplus_nomean","cn_05","cn_01","gfi","agfi","pgfi","mfi","ecvi"
"1","init_msmt_fit",32,0.287592713675569,178.307482478853,33,0,1680.50503641575,45,0,0.911154365628064,0.878846862220088,0.905802064434339,0.87154826968319,0.878846862220088,0.85531339582581,0.893896490272261,0.655524092866325,0.911801494218811,0.911154365628064,0.87154826968319,0.905802064434339,-2773.33235854235,-2684.17861730293,5610.66471708471,5730.23503060404,310,5628.74309652348,0.119180765995483,0.102348763616344,0.136631879313673,0.9,0.0000000000597716320882569,0.05,0.999908753373346,0.08,0.124798621264872,0.107570158217358,0.142657455394229,0.0000000000054213300515471,0.999984774645669,0.0342576323271419,0.0371163288116821,0.0601352576623008,0.0601352576623008,0.0652466745234652,0.0655113919931865,0.0722851924335272,0.0619205382306246,0.0654914297582183,83.4080056015471,96.2310979302176,0.993850903495572,0.987888143248854,0.504570458697752,0.791071512788979,0.781637040254364
