"","Name","Parameters","fmin","chisq","df","pvalue","baseline.chisq","baseline.df","baseline.pvalue","cfi","tli","cfi.robust","tli.robust","nnfi","rfi","nfi","pnfi","ifi","rni","nnfi.robust","rni.robust","LL","unrestricted.logl","aic","bic","n","bic2","rmsea","rmsea.ci.lower","rmsea.ci.upper","rmsea.ci.level","rmsea.pvalue","rmsea.close.h0","rmsea.notclose.pvalue","rmsea.notclose.h0","rmsea.robust","rmsea.ci.lower.robust","rmsea.ci.upper.robust","rmsea.pvalue.robust","rmsea.notclose.pvalue.robust","rmr","rmr_nomean","srmr","srmr_bentler","srmr_bentler_nomean","crmr","crmr_nomean","srmr_mplus","srmr_mplus_nomean","cn_05","cn_01","gfi","agfi","pgfi","mfi","ecvi"
"1","msmt_fit",35,0.307377423149628,51.6394070891376,30,0.00832728607063504,561.645442163541,45,0,0.958115556001968,0.937173334002951,0.951221116200017,0.926831674300026,0.937173334002951,0.862085392636104,0.908056928424069,0.605371285616046,0.959297295955222,0.958115556001968,0.926831674300026,0.951221116200017,-635.471661790978,-609.65195824641,1340.94332358196,1426.02191154147,84,1315.61359488865,0.09266642490791,0.0469248661871416,0.134499095009441,0.9,0.0598400353185906,0.05,0.709100890197923,0.08,0.102997895825021,0.0580491401606359,0.145552595122273,0.0299961336283485,0.820999104965832,0.031640618233032,0.0343964071690322,0.0519853509849143,0.0519853509849143,0.0565135709694615,0.0562766351070932,0.0622156461817805,0.0518186350717504,0.0562826961041093,72.2039475398197,83.7845142138875,0.992569588835311,0.983900775809841,0.458109041000913,0.879144507803047,1.44808817963259
