"","Name","Parameters","fmin","chisq","df","pvalue","baseline.chisq","baseline.df","baseline.pvalue","cfi","tli","cfi.robust","tli.robust","nnfi","rfi","nfi","pnfi","ifi","rni","nnfi.robust","rni.robust","LL","unrestricted.logl","aic","bic","n","bic2","rmsea","rmsea.ci.lower","rmsea.ci.upper","rmsea.ci.level","rmsea.pvalue","rmsea.close.h0","rmsea.notclose.pvalue","rmsea.notclose.h0","rmsea.robust","rmsea.ci.lower.robust","rmsea.ci.upper.robust","rmsea.pvalue.robust","rmsea.notclose.pvalue.robust","rmr","rmr_nomean","srmr","srmr_bentler","srmr_bentler_nomean","crmr","crmr_nomean","srmr_mplus","srmr_mplus_nomean","cn_05","cn_01","gfi","agfi","pgfi","mfi","ecvi"
"1","ReC_struct_fit2",35,0.307377423142213,51.6394070878918,30,0.00832728607319355,561.645442163541,45,0,0.958115556004379,0.937173334006568,0.951221119014729,0.926831678522094,0.937173334006568,0.862085392639432,0.908056928426288,0.605371285617525,0.959297295957566,0.958115556004379,0.926831678522094,0.951221119014729,-635.471661790356,-609.65195824641,1340.94332358071,1426.02191154023,84,1315.61359488741,0.0926664249052425,0.0469248661833324,0.134499095007116,0.9,0.0598400353313577,0.05,0.709100890162337,0.08,0.102997892853352,0.058049136768948,0.145552592140167,0.0299961405654815,0.820999076729554,0.0316405296577868,0.0343963107860639,0.051985227143482,0.051985227143482,0.0565134362570663,0.0562765241373249,0.0622155234086335,0.0518185189000745,0.0562825829699574,72.2039475415375,83.7845142158848,0.992569597856461,0.983900795355665,0.45810904516452,0.879144507809566,1.44808817961776
