"","Name","Parameters","fmin","chisq","df","pvalue","baseline.chisq","baseline.df","baseline.pvalue","cfi","tli","cfi.robust","tli.robust","nnfi","rfi","nfi","pnfi","ifi","rni","nnfi.robust","rni.robust","LL","unrestricted.logl","aic","bic","n","bic2","rmsea","rmsea.ci.lower","rmsea.ci.upper","rmsea.ci.level","rmsea.pvalue","rmsea.close.h0","rmsea.notclose.pvalue","rmsea.notclose.h0","rmsea.robust","rmsea.ci.lower.robust","rmsea.ci.upper.robust","rmsea.pvalue.robust","rmsea.notclose.pvalue.robust","rmr","rmr_nomean","srmr","srmr_bentler","srmr_bentler_nomean","crmr","crmr_nomean","srmr_mplus","srmr_mplus_nomean","cn_05","cn_01","gfi","agfi","pgfi","mfi","ecvi"
"1","ReC_struct_fit3",34,0.627322673513772,105.390209150314,31,0.000000000491340745867319,561.645442163541,45,0,0.856013035092709,0.790986663844254,0.85839458244087,0.794443748704489,0.790986663844254,0.72761145022928,0.812354554602392,0.55962202650387,0.859811838113579,0.856013035092709,0.794443748704489,0.85839458244087,-662.347062821567,-609.65195824641,1392.69412564313,1475.34189680381,84,1368.08810348392,0.169019728565969,0.134236009433764,0.205024053402456,0.9,0.00000017125576967647,0.05,0.999965234675622,0.08,0.172636307473779,0.136384244685251,0.210137115787708,0.000000256309950819045,0.999962707188138,0.123705939116187,0.134481964682407,0.225931318645277,0.225931318645277,0.24561265765391,0.243352337471804,0.269035484152507,0.227653539491797,0.243884537782154,36.8550273883712,42.5985242019521,0.990770802832,0.980648457550967,0.472521459812185,0.642236370958762,2.06416915655135
