"","Name","Parameters","fmin","chisq","df","pvalue","baseline.chisq","baseline.df","baseline.pvalue","cfi","tli","cfi.robust","tli.robust","nnfi","rfi","nfi","pnfi","ifi","rni","nnfi.robust","rni.robust","LL","unrestricted.logl","aic","bic","n","bic2","rmsea","rmsea.ci.lower","rmsea.ci.upper","rmsea.ci.level","rmsea.pvalue","rmsea.close.h0","rmsea.notclose.pvalue","rmsea.notclose.h0","rmsea.robust","rmsea.ci.lower.robust","rmsea.ci.upper.robust","rmsea.pvalue.robust","rmsea.notclose.pvalue.robust","rmr","rmr_nomean","srmr","srmr_bentler","srmr_bentler_nomean","crmr","crmr_nomean","srmr_mplus","srmr_mplus_nomean","cn_05","cn_01","gfi","agfi","pgfi","mfi","ecvi"
"1","ReC_struct_fit",32,0.287592713668849,178.307482474686,33,0,1680.50503641575,45,0,0.911154365630612,0.878846862223562,0.905802056281449,0.871548258565613,0.878846862223562,0.855313395829191,0.89389649027474,0.655524092868143,0.91180149422134,0.911154365630612,0.871548258565613,0.905802056281449,-2773.33235854027,-2684.17861730293,5610.66471708054,5730.23503059988,310,5628.74309651931,0.119180765993774,0.102348763614612,0.136631879311991,0.9,0.0000000000597716320882569,0.05,0.999908753373285,0.08,0.124798626665571,0.107570163630916,0.142657460774648,0.00000000000542121902924464,0.999984774678975,0.0342576157490573,0.0371163090369569,0.060135254361038,0.060135254361038,0.0652466690372044,0.0655113734904383,0.0722851698527194,0.0619206681689745,0.0654914202737781,83.4080056034728,96.2310979324429,0.993850903840287,0.987888143927837,0.504570458872761,0.791071512794295,0.781637040240924
