"","Name","Parameters","fmin","chisq","df","pvalue","baseline.chisq","baseline.df","baseline.pvalue","cfi","tli","cfi.robust","tli.robust","nnfi","rfi","nfi","pnfi","ifi","rni","nnfi.robust","rni.robust","LL","unrestricted.logl","aic","bic","n","bic2","rmsea","rmsea.ci.lower","rmsea.ci.upper","rmsea.ci.level","rmsea.pvalue","rmsea.close.h0","rmsea.notclose.pvalue","rmsea.notclose.h0","rmsea.robust","rmsea.ci.lower.robust","rmsea.ci.upper.robust","rmsea.pvalue.robust","rmsea.notclose.pvalue.robust","rmr","rmr_nomean","srmr","srmr_bentler","srmr_bentler_nomean","crmr","crmr_nomean","srmr_mplus","srmr_mplus_nomean","cn_05","cn_01","gfi","agfi","pgfi","mfi","ecvi"
"1","ReC_ALT_fit",31,0.668399185909958,414.407495264174,34,0,1680.50503641575,45,0,0.767406711202891,0.692155941297944,0.767085299396053,0.691730543318305,0.692155941297944,0.673621621743128,0.753403003094808,0.569237824560521,0.768960624564941,0.767406711202891,0.691730543318305,0.767085299396053,-2891.38236493501,-2684.17861730293,5844.76472987003,5960.59847109188,310,5862.27815995134,0.189978400665868,0.17383818391995,0.20657078100106,0.9,0,0.05,1,0.08,0.193332584414215,0.176788905333541,0.210342176648559,0,1,0.182132496586267,0.197981838027607,0.277789521182375,0.277789521182375,0.301969202552195,0.301975236426807,0.333824244298277,0.277985350210794,0.301967973007476,37.3572909661215,42.9366973580823,0.99108891339723,0.982964099141763,0.518415739315474,0.541419721162447,1.53679837181992
