"","term","estimate","std.error","statistic","p.value"
"1","(Intercept)",1.0566623171738,0.563132453196479,1.8764010334974,0.0643892893980623
"2","CenteringRe",-0.570268327190497,1.31831810237186,-0.432572628840108,0.666534416021951
"3","SRPed",0.703683154329274,0.127239885267344,5.53036614934666,0.000000421660808013964
"4","CenteringRe:SRPed",0.11848712947707,0.28131913131408,0.421184044339964,0.674794066340186
